{
  "training_duration": "00:02:26",
  "training_start_epoch": 0,
  "training_epochs": 0,
  "epoch": 0,
  "training_accuracy": 0.7748705505665758,
  "training_loss": 0.5995144132137299,
  "validation_accuracy": 0.8396198099049524,
  "validation_loss": 0.43747677896053166,
  "best_epoch": 0,
  "best_validation_accuracy": 0.8396198099049524,
  "best_validation_loss": 0.43747677896053166
}